[
  {
    "id": 1,
    "name": "Golden Retriever",
    "species": "Dog",
    "size": "Large",
    "temperament": "Friendly, Intelligent, Devoted",
    "lifespan": "10-12 years",
    "feeding_tips": [
      "High-quality diet rich in protein and healthy fats.",
      "Monitor weight; prone to obesity.",
      "Split meals into 2-3 portions per day."
    ],
    "exercise": "60-90 minutes daily; fetch, swimming, brisk walks.",
    "grooming": "Brush 2-3x/week; heavier during shedding seasons.",
    "health": [
      "Hip/elbow dysplasia",
      "Allergies",
      "Cancer risk in later years"
    ],
    "aliases": ["golden_retriever", "golden", "retriever_golden"]
  },
  {
    "id": 2,
    "name": "German Shepherd",
    "species": "Dog",
    "size": "Large",
    "temperament": "Confident, Courageous, Smart",
    "lifespan": "9-13 years",
    "feeding_tips": [
      "Balanced diet; joint-support supplements may help.",
      "Avoid overfeeding; maintain lean body condition.",
      "Divide food into 2 meals/day."
    ],
    "exercise": "90+ minutes/day; structured training, agility, long walks.",
    "grooming": "Brush 2-3x/week; year-round shedding.",
    "health": [
      "Hip dysplasia",
      "Degenerative myelopathy",
      "Bloat (gastric dilation-volvulus)"
    ],
    "aliases": ["german_shepherd", "gsd", "alsatian"]
  },
  {
    "id": 3,
    "name": "Persian Cat",
    "species": "Cat",
    "size": "Medium",
    "temperament": "Quiet, Sweet, Affectionate",
    "lifespan": "12-17 years",
    "feeding_tips": [
      "High-quality cat food; monitor for obesity.",
      "Fresh water always available.",
      "Consider hairball-control formulas."
    ],
    "exercise": "Short daily play sessions; interactive toys.",
    "grooming": "Daily brushing to prevent mats; regular eye cleaning.",
    "health": [
      "Brachycephalic airway issues",
      "Dental disease",
      "Polycystic kidney disease (PKD)"
    ],
    "aliases": ["persian", "persian_cat"]
  },
  {
    "id": 4,
    "name": "Siamese Cat",
    "species": "Cat",
    "size": "Medium",
    "temperament": "Social, Vocal, Intelligent",
    "lifespan": "12-20 years",
    "feeding_tips": [
      "Protein-rich diet; avoid free-feeding if weight gain occurs.",
      "Split into 2-3 meals/day.",
      "Engage with puzzle feeders for mental stimulation."
    ],
    "exercise": "Daily interactive play; climbing trees, wands, fetch.",
    "grooming": "Weekly brushing; generally low maintenance.",
    "health": [
      "Dental disease",
      "Amyloidosis (liver)",
      "Respiratory conditions"
    ],
    "aliases": ["siamese", "siamese_cat"]
  },
  {
    "id": 5,
    "name": "Siberian Husky",
    "species": "Dog",
    "size": "Medium to Large",
    "temperament": "Friendly, Outgoing, Mischievous",
    "lifespan": "12-15 years",
    "feeding_tips": [
      "High-quality, protein-rich diet; adjust calories for activity level.",
      "Split into 2 meals/day; avoid overfeeding.",
      "Ensure constant access to fresh water."
    ],
    "exercise": "60-120 minutes/day; running, hiking, structured play.",
    "grooming": "Brush 2-3x/week; heavy seasonal shedding (blowing coat).",
    "health": [
      "Hip dysplasia",
      "Eye conditions (cataracts, PRA)",
      "Zinc-responsive dermatosis"
    ],
    "aliases": ["husky", "siberian_husky", "siberian"]
  },
  {
    "id": 6,
    "name": "Shiba Inu",
    "species": "Dog",
    "size": "Small to Medium",
    "temperament": "Alert, Confident, Independent",
    "lifespan": "12-16 years",
    "feeding_tips": [
      "Balanced diet with portion control to prevent weight gain.",
      "Split into 2 meals/day; limit rich treats.",
      "Consider omega-3s for coat and skin."
    ],
    "exercise": "45-60 minutes/day; brisk walks and play with recall training.",
    "grooming": "Brush weekly; heavier during seasonal shedding.",
    "health": [
      "Allergies",
      "Patellar luxation",
      "Glaucoma"
    ],
    "aliases": ["shiba", "shiba_inu"]
  },
  {
    "id": 7,
    "name": "Pug",
    "species": "Dog",
    "size": "Small",
    "temperament": "Charming, Loving, Mischievous",
    "lifespan": "12-15 years",
    "feeding_tips": [
      "Calorie-controlled diet; prone to obesity.",
      "Measure portions; avoid table scraps.",
      "Use slow-feeders if eating too fast."
    ],
    "exercise": "30-45 minutes/day; low-impact activity, avoid heat stress.",
    "grooming": "Weekly brushing; clean facial folds and monitor skin.",
    "health": [
      "Brachycephalic airway syndrome",
      "Eye injuries/ulcers",
      "Obesity"
    ],
    "aliases": ["pug", "mops", "carlin"]
  }
]
